layer,causal_mean_score,correlation_mean_score,score_gap
6,-0.02820149064064026,-0.09899362921714783,0.07079213857650757
12,0.44271937012672424,0.5945156812667847,-0.15179631114006042
18,0.26868078112602234,-0.479813814163208,0.7484945952892303
