layer,accuracy
6,0.6666666666666666
12,0.6666666666666666
18,0.5
